--
-- PostgreSQL database dump
--

-- Dumped from database version 17.5 (Debian 17.5-1.pgdg120+1)
-- Dumped by pg_dump version 17.5 (Debian 17.5-1.pgdg120+1)

SET statement_timeout = 0;
SET lock_timeout = 0;
SET idle_in_transaction_session_timeout = 0;
SET transaction_timeout = 0;
SET client_encoding = 'UTF8';
SET standard_conforming_strings = on;
SELECT pg_catalog.set_config('search_path', '', false);
SET check_function_bodies = false;
SET xmloption = content;
SET client_min_messages = warning;
SET row_security = off;

SET default_tablespace = '';

SET default_table_access_method = heap;

--
-- Name: assertion; Type: TABLE; Schema: public; Owner: delvauxo
--

CREATE TABLE public.assertion (
    store text NOT NULL,
    authorization_model_id text NOT NULL,
    assertions bytea
);


ALTER TABLE public.assertion OWNER TO delvauxo;

--
-- Name: authorization_model; Type: TABLE; Schema: public; Owner: delvauxo
--

CREATE TABLE public.authorization_model (
    store text NOT NULL,
    authorization_model_id text NOT NULL,
    type text NOT NULL,
    type_definition bytea,
    schema_version text DEFAULT '1.0'::text NOT NULL,
    serialized_protobuf bytea
);


ALTER TABLE public.authorization_model OWNER TO delvauxo;

--
-- Name: changelog; Type: TABLE; Schema: public; Owner: delvauxo
--

CREATE TABLE public.changelog (
    store text NOT NULL,
    object_type text NOT NULL,
    object_id text NOT NULL,
    relation text NOT NULL,
    _user text NOT NULL,
    operation integer NOT NULL,
    ulid text NOT NULL,
    inserted_at timestamp with time zone NOT NULL,
    condition_name text,
    condition_context bytea
);


ALTER TABLE public.changelog OWNER TO delvauxo;

--
-- Name: goose_db_version; Type: TABLE; Schema: public; Owner: delvauxo
--

CREATE TABLE public.goose_db_version (
    id integer NOT NULL,
    version_id bigint NOT NULL,
    is_applied boolean NOT NULL,
    tstamp timestamp without time zone DEFAULT now() NOT NULL
);


ALTER TABLE public.goose_db_version OWNER TO delvauxo;

--
-- Name: goose_db_version_id_seq; Type: SEQUENCE; Schema: public; Owner: delvauxo
--

ALTER TABLE public.goose_db_version ALTER COLUMN id ADD GENERATED BY DEFAULT AS IDENTITY (
    SEQUENCE NAME public.goose_db_version_id_seq
    START WITH 1
    INCREMENT BY 1
    NO MINVALUE
    NO MAXVALUE
    CACHE 1
);


--
-- Name: store; Type: TABLE; Schema: public; Owner: delvauxo
--

CREATE TABLE public.store (
    id text NOT NULL,
    name text NOT NULL,
    created_at timestamp with time zone NOT NULL,
    updated_at timestamp with time zone,
    deleted_at timestamp with time zone
);


ALTER TABLE public.store OWNER TO delvauxo;

--
-- Name: tuple; Type: TABLE; Schema: public; Owner: delvauxo
--

CREATE TABLE public.tuple (
    store text NOT NULL,
    object_type text NOT NULL,
    object_id text NOT NULL,
    relation text NOT NULL,
    _user text NOT NULL,
    user_type text NOT NULL,
    ulid text NOT NULL,
    inserted_at timestamp with time zone NOT NULL,
    condition_name text,
    condition_context bytea
);


ALTER TABLE public.tuple OWNER TO delvauxo;

--
-- Data for Name: assertion; Type: TABLE DATA; Schema: public; Owner: delvauxo
--

COPY public.assertion (store, authorization_model_id, assertions) FROM stdin;
\.


--
-- Data for Name: authorization_model; Type: TABLE DATA; Schema: public; Owner: delvauxo
--

COPY public.authorization_model (store, authorization_model_id, type, type_definition, schema_version, serialized_protobuf) FROM stdin;
01JYHBHDMXPZPN1FXPK1WDG6M0	01JYHBHDR0GZ6SZPRM4CW0WS5A		\N	1.1	\\x0a1a30314a59484248445230475a36535a50524d34435730575335411203312e311a060a04757365721a8d010a0964617368626f617264120b0a0561646d696e12020a00121a0a056f776e65721211220f0a020a000a091207120561646d696e121b0a0672656e7465721211220f0a020a000a091207120561646d696e1a3a0a120a0672656e74657212080a060a04757365720a110a0561646d696e12080a060a04757365720a110a056f776e657212080a060a0475736572
01JYHBHDMXPZPN1FXPK1WDG6M0	01JYNRFHBECKJN6E76N8236N8T		\N	1.1	\\x0a1a30314a594e5246484245434b4a4e364537364e383233364e38541203312e311a060a04757365721a8d010a0964617368626f617264120b0a0561646d696e12020a00121a0a056f776e65721211220f0a020a000a091207120561646d696e121b0a0672656e7465721211220f0a020a000a091207120561646d696e1a3a0a120a0672656e74657212080a060a04757365720a110a0561646d696e12080a060a04757365720a110a056f776e657212080a060a04757365721a5f0a0c737562736372697074696f6e120e0a0861737369676e656412020a00120e0a08696e636c7564657312020a001a2f0a140a0861737369676e656412080a060a04757365720a170a08696e636c75646573120b0a090a07666561747572651a2d0a0766656174757265120c0a0661636365737312020a001a140a120a0661636365737312080a060a0475736572
01JYNSXNH1ZCN1AGF7TZRAM8A7	01JYNSXNKAXSWZB28G6BHE6357		\N	1.1	\\x0a1a30314a594e53584e4b415853575a4232384736424845363335371203312e311a060a04757365721a8d010a0964617368626f617264120b0a0561646d696e12020a00121a0a056f776e65721211220f0a020a000a091207120561646d696e121b0a0672656e7465721211220f0a020a000a091207120561646d696e1a3a0a110a0561646d696e12080a060a04757365720a110a056f776e657212080a060a04757365720a120a0672656e74657212080a060a04757365721a5f0a0c737562736372697074696f6e120e0a0861737369676e656412020a00120e0a08696e636c7564657312020a001a2f0a140a0861737369676e656412080a060a04757365720a170a08696e636c75646573120b0a090a07666561747572651a2d0a0766656174757265120c0a0661636365737312020a001a140a120a0661636365737312080a060a0475736572
01JYNSZ7DVTD7ZN757P0XA9RNH	01JYNSZ7EEM1ARXDDQSY79NV34		\N	1.1	\\x0a1a30314a594e535a3745454d31415258444451535937394e5633341203312e311a060a04757365721a8d010a0964617368626f617264121b0a0672656e7465721211220f0a020a000a091207120561646d696e120b0a0561646d696e12020a00121a0a056f776e65721211220f0a020a000a091207120561646d696e1a3a0a110a0561646d696e12080a060a04757365720a110a056f776e657212080a060a04757365720a120a0672656e74657212080a060a04757365721a5f0a0c737562736372697074696f6e120e0a08696e636c7564657312020a00120e0a0861737369676e656412020a001a2f0a140a0861737369676e656412080a060a04757365720a170a08696e636c75646573120b0a090a07666561747572651a2d0a0766656174757265120c0a0661636365737312020a001a140a120a0661636365737312080a060a0475736572
01JYNVG0GFV9BP3C5AV2E7V497	01JYNVG0H127EF9WKG49KW05VW		\N	1.1	\\x0a1a30314a594e56473048313237454639574b4734394b57303556571203312e311a060a04757365721a6f0a0964617368626f617264120b0a056f776e657212020a00120c0a0672656e74657212020a00120b0a0561646d696e12020a001a3a0a110a0561646d696e12080a060a04757365720a110a056f776e657212080a060a04757365720a120a0672656e74657212080a060a04757365721a5f0a0c737562736372697074696f6e120e0a08696e636c7564657312020a00120e0a0861737369676e656412020a001a2f0a170a08696e636c75646573120b0a090a07666561747572650a140a0861737369676e656412080a060a04757365721a2d0a0766656174757265120c0a0661636365737312020a001a140a120a0661636365737312080a060a0475736572
01JYNVJC41C7PNK49AVGP4RSDE	01JYNVJC4DSKQ6NEDDQS8QM5QE		\N	1.1	\\x0a1a30314a594e564a433444534b51364e454444515338514d3551451203312e311a060a04757365721a6f0a0964617368626f617264120b0a0561646d696e12020a00120b0a056f776e657212020a00120c0a0672656e74657212020a001a3a0a110a0561646d696e12080a060a04757365720a110a056f776e657212080a060a04757365720a120a0672656e74657212080a060a04757365721a5f0a0c737562736372697074696f6e120e0a08696e636c7564657312020a00120e0a0861737369676e656412020a001a2f0a140a0861737369676e656412080a060a04757365720a170a08696e636c75646573120b0a090a07666561747572651a2d0a0766656174757265120c0a0661636365737312020a001a140a120a0661636365737312080a060a0475736572
01JYNVMQJHPBKZGADJF2KN6FBE	01JYNVMQJZQBMEEHZ1QAJZ8B07		\N	1.1	\\x0a1a30314a594e564d514a5a51424d4545485a3151414a5a384230371203312e311a060a04757365721a8d010a0964617368626f617264120b0a0561646d696e12020a00121a0a056f776e65721211220f0a020a000a091207120561646d696e121b0a0672656e7465721211220f0a020a000a091207120561646d696e1a3a0a110a056f776e657212080a060a04757365720a120a0672656e74657212080a060a04757365720a110a0561646d696e12080a060a04757365721a5f0a0c737562736372697074696f6e120e0a08696e636c7564657312020a00120e0a0861737369676e656412020a001a2f0a140a0861737369676e656412080a060a04757365720a170a08696e636c75646573120b0a090a07666561747572651a2d0a0766656174757265120c0a0661636365737312020a001a140a120a0661636365737312080a060a0475736572
01JYNVNY020NMZAPPH6F20VF64	01JYNVNY0HWJTKKDNS4MW0BQ9E		\N	1.1	\\x0a1a30314a594e564e593048574a544b4b444e53344d5730425139451203312e311a060a04757365721a8d010a0964617368626f617264121b0a0672656e7465721211220f0a020a000a091207120561646d696e120b0a0561646d696e12020a00121a0a056f776e65721211220f0a020a000a091207120561646d696e1a3a0a110a056f776e657212080a060a04757365720a120a0672656e74657212080a060a04757365720a110a0561646d696e12080a060a04757365721a5f0a0c737562736372697074696f6e120e0a0861737369676e656412020a00120e0a08696e636c7564657312020a001a2f0a170a08696e636c75646573120b0a090a07666561747572650a140a0861737369676e656412080a060a04757365721a2d0a0766656174757265120c0a0661636365737312020a001a140a120a0661636365737312080a060a0475736572
01JYHBHDMXPZPN1FXPK1WDG6M0	01JYPC9K1AKCYS9TJDCNA2R6BH		\N	1.1	\\x0a1a30314a595043394b31414b43595339544a44434e4132523642481203312e311a060a04757365721a8d010a0964617368626f617264121b0a0672656e7465721211220f0a020a000a091207120561646d696e120b0a0561646d696e12020a00121a0a056f776e65721211220f0a020a000a091207120561646d696e1a3a0a120a0672656e74657212080a060a04757365720a110a0561646d696e12080a060a04757365720a110a056f776e657212080a060a0475736572
01JYHBHDMXPZPN1FXPK1WDG6M0	01JYPJ4S4H24ZJNZYGVD6J5QXH		\N	1.1	\\x0a1a30314a59504a3453344832345a4a4e5a59475644364a355158481203312e311a060a04757365721a8d010a0964617368626f617264121b0a0672656e7465721211220f0a020a000a091207120561646d696e120b0a0561646d696e12020a00121a0a056f776e65721211220f0a020a000a091207120561646d696e1a3a0a110a0561646d696e12080a060a04757365720a110a056f776e657212080a060a04757365720a120a0672656e74657212080a060a0475736572
01JYHBHDMXPZPN1FXPK1WDG6M0	01JYPNXD1X8S3EYNF21X739E2M		\N	1.1	\\x0a1a30314a59504e5844315838533345594e4632315837333945324d1203312e311a060a04757365721a8d010a0964617368626f617264121a0a056f776e65721211220f0a020a000a091207120561646d696e121b0a0672656e7465721211220f0a020a000a091207120561646d696e120b0a0561646d696e12020a001a3a0a120a0672656e74657212080a060a04757365720a110a0561646d696e12080a060a04757365720a110a056f776e657212080a060a0475736572
\.


--
-- Data for Name: changelog; Type: TABLE DATA; Schema: public; Owner: delvauxo
--

COPY public.changelog (store, object_type, object_id, relation, _user, operation, ulid, inserted_at, condition_name, condition_context) FROM stdin;
01JYHBHDMXPZPN1FXPK1WDG6M0	dashboard	admin	admin	user:e4d137a8-ca21-4bd5-80dc-69cee3432bdb	0	01JYHBHDRF3THG3CMT8VSFWYVY	2025-06-24 16:15:03.951841+00		\N
01JYHBHDMXPZPN1FXPK1WDG6M0	dashboard	owner	admin	user:e4d137a8-ca21-4bd5-80dc-69cee3432bdb	0	01JYHBHDRXTDBQVDR1QV81KGQZ	2025-06-24 16:15:03.965941+00		\N
01JYHBHDMXPZPN1FXPK1WDG6M0	dashboard	renter	admin	user:e4d137a8-ca21-4bd5-80dc-69cee3432bdb	0	01JYHBHDS8ZS7ZVFPDT1ZNCA0T	2025-06-24 16:15:03.976218+00		\N
01JYHBHDMXPZPN1FXPK1WDG6M0	dashboard	renter	renter	user:15d36145-5cea-49e5-9f9f-fe71bfe502fb	0	01JYHBHDSMEMZS1PW1PPA1ZBYB	2025-06-24 16:15:03.988432+00		\N
01JYHBHDMXPZPN1FXPK1WDG6M0	dashboard	owner	owner	user:ecacf8de-e81a-4ca7-83d6-d7fc200bf9a4	0	01JYHBHDT0FG1ERV4PCZHN824W	2025-06-24 16:15:04.00065+00		\N
01JYHBHDMXPZPN1FXPK1WDG6M0	subscription	gold	assigned	user:ecacf8de-e81a-4ca7-83d6-d7fc200bf9a4	0	01JYNRFHDP6MT3WKRM1FQ4A5Z4	2025-06-26 09:18:11.38215+00		\N
01JYHBHDMXPZPN1FXPK1WDG6M0	subscription	gold	includes	feature:analytics	0	01JYNRFHE3KDGZEWT9GKPCTAKZ	2025-06-26 09:18:11.395614+00		\N
01JYHBHDMXPZPN1FXPK1WDG6M0	subscription	gold	includes	feature:billing	0	01JYNRFHEFAW195344YTN340H5	2025-06-26 09:18:11.408026+00		\N
01JYHBHDMXPZPN1FXPK1WDG6M0	subscription	gold	includes	feature:support	0	01JYNRFHEV73VGTBSD87D3PY4F	2025-06-26 09:18:11.419452+00		\N
01JYHBHDMXPZPN1FXPK1WDG6M0	subscription	silver	includes	feature:analytics	0	01JYNRFHF7DHV3FZQHVW38V86E	2025-06-26 09:18:11.431677+00		\N
01JYHBHDMXPZPN1FXPK1WDG6M0	subscription	silver	includes	feature:billing	0	01JYNRFHFJ3DBQ5X19QMY92B53	2025-06-26 09:18:11.442837+00		\N
01JYHBHDMXPZPN1FXPK1WDG6M0	subscription	bronze	includes	feature:billing	0	01JYNRFHFZ8EQBMHB0MZS11HFV	2025-06-26 09:18:11.455128+00		\N
01JYHBHDMXPZPN1FXPK1WDG6M0	feature	analytics	access	user:ecacf8de-e81a-4ca7-83d6-d7fc200bf9a4	0	01JYNRFHGD8653SNCCRE4FVNDW	2025-06-26 09:18:11.469661+00		\N
01JYHBHDMXPZPN1FXPK1WDG6M0	feature	billing	access	user:ecacf8de-e81a-4ca7-83d6-d7fc200bf9a4	0	01JYNRFHGR2RXAHMXT1WTH9D1K	2025-06-26 09:18:11.480669+00		\N
01JYHBHDMXPZPN1FXPK1WDG6M0	feature	support	access	user:ecacf8de-e81a-4ca7-83d6-d7fc200bf9a4	0	01JYNRFHH3MDZK9HVQF8KQRD3F	2025-06-26 09:18:11.491148+00		\N
01JYNSXNH1ZCN1AGF7TZRAM8A7	dashboard	admin	admin	user:e4d137a8-ca21-4bd5-80dc-69cee3432bdb	0	01JYNSXNM3Y2DZ2QYJ1NSPMZ6C	2025-06-26 09:43:23.012093+00		\N
01JYNSXNH1ZCN1AGF7TZRAM8A7	dashboard	owner	admin	user:e4d137a8-ca21-4bd5-80dc-69cee3432bdb	0	01JYNSXNMMFEFJJ9A6V87C0SSY	2025-06-26 09:43:23.028406+00		\N
01JYNSXNH1ZCN1AGF7TZRAM8A7	dashboard	renter	admin	user:e4d137a8-ca21-4bd5-80dc-69cee3432bdb	0	01JYNSXNMZY7499XYZH79R0P9E	2025-06-26 09:43:23.039851+00		\N
01JYNSXNH1ZCN1AGF7TZRAM8A7	dashboard	owner	owner	user:ecacf8de-e81a-4ca7-83d6-d7fc200bf9a4	0	01JYNSXNNCDHZBHB1B89JMSDXC	2025-06-26 09:43:23.052769+00		\N
01JYNSXNH1ZCN1AGF7TZRAM8A7	dashboard	renter	renter	user:15d36145-5cea-49e5-9f9f-fe71bfe502fb	0	01JYNSXNNRZ9HJ8AQPGCDN7BBD	2025-06-26 09:43:23.064282+00		\N
01JYNSXNH1ZCN1AGF7TZRAM8A7	subscription	gold	assigned	user:ecacf8de-e81a-4ca7-83d6-d7fc200bf9a4	0	01JYNSXNP49G8EMB8SCK4KMRQV	2025-06-26 09:43:23.076477+00		\N
01JYNSXNH1ZCN1AGF7TZRAM8A7	subscription	gold	includes	feature:analytics	0	01JYNSXNPGM06CSHHKCDB9KYDN	2025-06-26 09:43:23.0886+00		\N
01JYNSXNH1ZCN1AGF7TZRAM8A7	subscription	gold	includes	feature:billing	0	01JYNSXNPZ894P84YJ1RSCEWZE	2025-06-26 09:43:23.103546+00		\N
01JYNSXNH1ZCN1AGF7TZRAM8A7	subscription	gold	includes	feature:support	0	01JYNSXNQAZFT57NWFG3W6SZJZ	2025-06-26 09:43:23.114864+00		\N
01JYNSXNH1ZCN1AGF7TZRAM8A7	subscription	silver	includes	feature:analytics	0	01JYNSXNQPZ57GE2R6M4Q8JVN4	2025-06-26 09:43:23.12719+00		\N
01JYNSXNH1ZCN1AGF7TZRAM8A7	subscription	silver	includes	feature:billing	0	01JYNSXNR288CQFA0FVXKQJMXF	2025-06-26 09:43:23.139079+00		\N
01JYNSXNH1ZCN1AGF7TZRAM8A7	subscription	bronze	includes	feature:billing	0	01JYNSXNREJHGXQZDEYA5B8575	2025-06-26 09:43:23.150552+00		\N
01JYNSXNH1ZCN1AGF7TZRAM8A7	feature	analytics	access	user:ecacf8de-e81a-4ca7-83d6-d7fc200bf9a4	0	01JYNSXNRTB8KGJ98PT1D65ZAK	2025-06-26 09:43:23.162576+00		\N
01JYNSXNH1ZCN1AGF7TZRAM8A7	feature	billing	access	user:ecacf8de-e81a-4ca7-83d6-d7fc200bf9a4	0	01JYNSXNS6YBW095YHHM66YFY4	2025-06-26 09:43:23.174733+00		\N
01JYNSXNH1ZCN1AGF7TZRAM8A7	feature	support	access	user:ecacf8de-e81a-4ca7-83d6-d7fc200bf9a4	0	01JYNSXNSJ8FFTY9CPM8FCEEBA	2025-06-26 09:43:23.186896+00		\N
01JYNSZ7DVTD7ZN757P0XA9RNH	dashboard	admin	admin	user:e4d137a8-ca21-4bd5-80dc-69cee3432bdb	0	01JYNSZ7ERQTBT638K5TYV4Z65	2025-06-26 09:44:14.040989+00		\N
01JYNSZ7DVTD7ZN757P0XA9RNH	dashboard	owner	admin	user:e4d137a8-ca21-4bd5-80dc-69cee3432bdb	0	01JYNSZ7F6PNVV7SYJ9M3G51AJ	2025-06-26 09:44:14.054753+00		\N
01JYNSZ7DVTD7ZN757P0XA9RNH	dashboard	renter	admin	user:e4d137a8-ca21-4bd5-80dc-69cee3432bdb	0	01JYNSZ7FM287T5S81BSKRNCSK	2025-06-26 09:44:14.06898+00		\N
01JYNSZ7DVTD7ZN757P0XA9RNH	dashboard	owner	owner	user:ecacf8de-e81a-4ca7-83d6-d7fc200bf9a4	0	01JYNSZ7G1D3J5G5733CS61Q3J	2025-06-26 09:44:14.081992+00		\N
01JYNSZ7DVTD7ZN757P0XA9RNH	dashboard	renter	renter	user:15d36145-5cea-49e5-9f9f-fe71bfe502fb	0	01JYNSZ7GC4FGRSBWM6R6FHN7G	2025-06-26 09:44:14.093029+00		\N
01JYNSZ7DVTD7ZN757P0XA9RNH	subscription	gold	assigned	user:ecacf8de-e81a-4ca7-83d6-d7fc200bf9a4	0	01JYNSZ7GRBXT8WY5N7SJFVB4H	2025-06-26 09:44:14.104363+00		\N
01JYNSZ7DVTD7ZN757P0XA9RNH	subscription	gold	includes	feature:analytics	0	01JYNSZ7H4N3F2EV2X9GAPZAGH	2025-06-26 09:44:14.116467+00		\N
01JYNSZ7DVTD7ZN757P0XA9RNH	subscription	gold	includes	feature:billing	0	01JYNSZ7HG684XNTXQHJ635CYD	2025-06-26 09:44:14.128567+00		\N
01JYNSZ7DVTD7ZN757P0XA9RNH	subscription	gold	includes	feature:support	0	01JYNSZ7HX9WVCCCPT77YD24GG	2025-06-26 09:44:14.141528+00		\N
01JYNSZ7DVTD7ZN757P0XA9RNH	subscription	silver	includes	feature:analytics	0	01JYNSZ7J8A3RM2E0K91RPCRX4	2025-06-26 09:44:14.152414+00		\N
01JYNSZ7DVTD7ZN757P0XA9RNH	subscription	silver	includes	feature:billing	0	01JYNSZ7JM9DYGRPS59T7JQBKH	2025-06-26 09:44:14.164302+00		\N
01JYNSZ7DVTD7ZN757P0XA9RNH	subscription	bronze	includes	feature:billing	0	01JYNSZ7K02V5NZCEY4MWC1N70	2025-06-26 09:44:14.176736+00		\N
01JYNSZ7DVTD7ZN757P0XA9RNH	feature	analytics	access	user:ecacf8de-e81a-4ca7-83d6-d7fc200bf9a4	0	01JYNSZ7KCFM52JXPB7NY6G13K	2025-06-26 09:44:14.188876+00		\N
01JYNSZ7DVTD7ZN757P0XA9RNH	feature	billing	access	user:ecacf8de-e81a-4ca7-83d6-d7fc200bf9a4	0	01JYNSZ7KX5QY4BHX8JZ7PDG86	2025-06-26 09:44:14.205462+00		\N
01JYNSZ7DVTD7ZN757P0XA9RNH	feature	support	access	user:ecacf8de-e81a-4ca7-83d6-d7fc200bf9a4	0	01JYNSZ7M80BKZ3X68R5C9VHX3	2025-06-26 09:44:14.216774+00		\N
01JYNVJC41C7PNK49AVGP4RSDE	dashboard	admin	admin	user:e4d137a8-ca21-4bd5-80dc-69cee3432bdb	0	01JYNVJC4T28N0MM1MF66NA9QV	2025-06-26 10:12:10.010371+00		\N
01JYNVJC41C7PNK49AVGP4RSDE	dashboard	owner	owner	user:ecacf8de-e81a-4ca7-83d6-d7fc200bf9a4	0	01JYNVJC5CKVSH9HHZ31TS5AZ7	2025-06-26 10:12:10.02903+00		\N
01JYNVMQJHPBKZGADJF2KN6FBE	dashboard	admin	admin	user:e4d137a8-ca21-4bd5-80dc-69cee3432bdb	0	01JYNVMQKBQ426Q3ET7A8CYG5Q	2025-06-26 10:13:27.27579+00		\N
01JYNVMQJHPBKZGADJF2KN6FBE	dashboard	owner	owner	user:ecacf8de-e81a-4ca7-83d6-d7fc200bf9a4	0	01JYNVMQKXTA83PX95R7RNJ6B1	2025-06-26 10:13:27.293455+00		\N
01JYNVNY020NMZAPPH6F20VF64	dashboard	admin	admin	user:e4d137a8-ca21-4bd5-80dc-69cee3432bdb	0	01JYNVNY0SFSJ30R1D73K8VMPY	2025-06-26 10:14:06.617212+00		\N
01JYNVNY020NMZAPPH6F20VF64	dashboard	owner	admin	user:e4d137a8-ca21-4bd5-80dc-69cee3432bdb	0	01JYNVNY14HMDYQR5TH6EA7ZNX	2025-06-26 10:14:06.62886+00		\N
01JYNVNY020NMZAPPH6F20VF64	dashboard	renter	admin	user:e4d137a8-ca21-4bd5-80dc-69cee3432bdb	0	01JYNVNY1HMMWTFCEKKVCEYEZK	2025-06-26 10:14:06.641679+00		\N
01JYNVNY020NMZAPPH6F20VF64	dashboard	owner	owner	user:ecacf8de-e81a-4ca7-83d6-d7fc200bf9a4	0	01JYNVNY1WVJ9DGWQXQZ5F6AHX	2025-06-26 10:14:06.652445+00		\N
01JYNVNY020NMZAPPH6F20VF64	dashboard	renter	renter	user:15d36145-5cea-49e5-9f9f-fe71bfe502fb	0	01JYNVNY28PH3BRW0ZR4SS06BD	2025-06-26 10:14:06.664715+00		\N
01JYNVNY020NMZAPPH6F20VF64	subscription	gold	assigned	user:ecacf8de-e81a-4ca7-83d6-d7fc200bf9a4	0	01JYNVNY2KVKXN9RBPF84SEQRH	2025-06-26 10:14:06.67579+00		\N
01JYNVNY020NMZAPPH6F20VF64	subscription	gold	includes	feature:analytics	0	01JYNVNY30GY28Z2CSYW1XJK5C	2025-06-26 10:14:06.688308+00		\N
01JYNVNY020NMZAPPH6F20VF64	subscription	gold	includes	feature:billing	0	01JYNVNY3D080PSEWB5AJTBJ7M	2025-06-26 10:14:06.701954+00		\N
01JYNVNY020NMZAPPH6F20VF64	subscription	gold	includes	feature:support	0	01JYNVNY3S7KK67QTVJ9TRH475	2025-06-26 10:14:06.713569+00		\N
01JYHBHDMXPZPN1FXPK1WDG6M0	dashboard	owner	owner	user:b1c7bfb6-8279-42c6-8cd5-2ac227717fb1	0	01JYPNXD6A7KTVQ5YVAKQJ01KA	2025-06-26 17:52:34.506679+00		\N
\.


--
-- Data for Name: goose_db_version; Type: TABLE DATA; Schema: public; Owner: delvauxo
--

COPY public.goose_db_version (id, version_id, is_applied, tstamp) FROM stdin;
1	0	t	2025-06-24 16:15:02.428085
2	1	t	2025-06-24 16:15:02.441743
3	2	t	2025-06-24 16:15:02.455945
4	3	t	2025-06-24 16:15:02.458861
5	4	t	2025-06-24 16:15:02.461575
6	5	t	2025-06-24 16:15:02.464976
\.


--
-- Data for Name: store; Type: TABLE DATA; Schema: public; Owner: delvauxo
--

COPY public.store (id, name, created_at, updated_at, deleted_at) FROM stdin;
01JYHBHDMXPZPN1FXPK1WDG6M0	parkigo-store	2025-06-24 16:15:03.837886+00	2025-06-24 16:15:03.837886+00	\N
01JYNSXNH1ZCN1AGF7TZRAM8A7	parkigo-store	2025-06-26 09:43:22.94686+00	2025-06-26 09:43:22.94686+00	\N
01JYNSZ7DVTD7ZN757P0XA9RNH	parkigo-store	2025-06-26 09:44:14.012943+00	2025-06-26 09:44:14.012943+00	\N
01JYNV4C2R5ACDS0VAKAKJ1NKG	parkigo-store	2025-06-26 10:04:31.19579+00	2025-06-26 10:04:31.19579+00	\N
01JYNV6BKXN1MM5FSWXRMYT8TF	parkigo-store	2025-06-26 10:05:36.25382+00	2025-06-26 10:05:36.25382+00	\N
01JYNV7NJYYV0B8T78432BCWKN	parkigo-store	2025-06-26 10:06:19.231399+00	2025-06-26 10:06:19.231399+00	\N
01JYNVAE3GNRWXHJ3ZJPQ3GQJP	parkigo-store	2025-06-26 10:07:49.873009+00	2025-06-26 10:07:49.873009+00	\N
01JYNVG0GFV9BP3C5AV2E7V497	simple-store	2025-06-26 10:10:52.560438+00	2025-06-26 10:10:52.560438+00	\N
01JYNVJC41C7PNK49AVGP4RSDE	simple-store	2025-06-26 10:12:09.985896+00	2025-06-26 10:12:09.985896+00	\N
01JYNVMQJHPBKZGADJF2KN6FBE	simple-store	2025-06-26 10:13:27.250046+00	2025-06-26 10:13:27.250046+00	\N
01JYNVNY020NMZAPPH6F20VF64	simple-store	2025-06-26 10:14:06.595069+00	2025-06-26 10:14:06.595069+00	\N
01JYNVWZB959SZSAS7XW14CM1Z	simple-store	2025-06-26 10:17:57.355192+00	2025-06-26 10:17:57.355192+00	\N
01JYNW298TKXVF9RCEK8YW3V46	simple-store	2025-06-26 10:20:51.354979+00	2025-06-26 10:20:51.354979+00	\N
01JYNW3ENM0DR6KFAJF3ST6EY0	simple-store	2025-06-26 10:21:29.652493+00	2025-06-26 10:21:29.652493+00	\N
01JYNW8MY89FK0JCZH7PR15D80	simple-store	2025-06-26 10:24:19.912802+00	2025-06-26 10:24:19.912802+00	\N
01JYNWFYDZKPX4AN3VC2T66AVW	simple-store	2025-06-26 10:28:19.00815+00	2025-06-26 10:28:19.00815+00	\N
01JYNWNV84628XZ9H8QGFRMNMA	simple-store	2025-06-26 10:31:32.357639+00	2025-06-26 10:31:32.357639+00	\N
01JYNWQYY212T9QCW1EPWKR0ZY	simple-store	2025-06-26 10:32:41.667538+00	2025-06-26 10:32:41.667538+00	\N
01JYNWT6JECSZC4ZE28FMWA81F	simple-store	2025-06-26 10:33:55.022703+00	2025-06-26 10:33:55.022703+00	\N
01JYNX060A5FR6K497V6SZZ1W2	simple-store	2025-06-26 10:37:11.050779+00	2025-06-26 10:37:11.050779+00	\N
01JYNX10KPBRCEQHDZEK7BZJ61	simple-store	2025-06-26 10:37:38.294948+00	2025-06-26 10:37:38.294948+00	\N
01JYNX1VDWRBVH5AM8Y7XG1CZ5	simple-store	2025-06-26 10:38:05.757434+00	2025-06-26 10:38:05.757434+00	\N
01JYNX3PYZKNA9K4Z84QTJ07GY	simple-store	2025-06-26 10:39:06.720301+00	2025-06-26 10:39:06.720301+00	\N
01JYNX4HV9P240E5WM8M7FCGT8	simple-store	2025-06-26 10:39:34.250025+00	2025-06-26 10:39:34.250025+00	\N
01JYNX5KWX7Q672PH8V2CRQBKD	simple-store	2025-06-26 10:40:09.118111+00	2025-06-26 10:40:09.118111+00	\N
01JYNX6M0BD8CR8TAQ7K0CFS94	simple-store	2025-06-26 10:40:41.995832+00	2025-06-26 10:40:41.995832+00	\N
01JYNXXKY8RXY0BJV2TDQ1ZW51	parkigo-store	2025-06-26 10:53:15.593283+00	2025-06-26 10:53:15.593283+00	\N
01JYNY6MWEVK59Q3E8CD17H3J9	parkigo-store	2025-06-26 10:58:11.471326+00	2025-06-26 10:58:11.471326+00	\N
01JYP1QD367A3VESBC6AAFWRQP	parkigo-store	2025-06-26 11:59:46.291124+00	2025-06-26 11:59:46.291124+00	\N
01JYP36AVHZ1E66TK33SB63KWC	store.yaml	2025-06-26 12:25:24.082546+00	2025-06-26 12:25:24.082546+00	\N
01JYP36TDS5JXDHTSZGJ046JVA	store.yaml	2025-06-26 12:25:40.025608+00	2025-06-26 12:25:40.025608+00	\N
01JYP37JJ9Z2PPJ0QND7DBXYE9	store.yaml	2025-06-26 12:26:04.746279+00	2025-06-26 12:26:04.746279+00	\N
\.


--
-- Data for Name: tuple; Type: TABLE DATA; Schema: public; Owner: delvauxo
--

COPY public.tuple (store, object_type, object_id, relation, _user, user_type, ulid, inserted_at, condition_name, condition_context) FROM stdin;
01JYHBHDMXPZPN1FXPK1WDG6M0	dashboard	admin	admin	user:e4d137a8-ca21-4bd5-80dc-69cee3432bdb	user	01JYHBHDRF3THG3CMT8VSFWYVY	2025-06-24 16:15:03.951841+00		\N
01JYHBHDMXPZPN1FXPK1WDG6M0	dashboard	owner	admin	user:e4d137a8-ca21-4bd5-80dc-69cee3432bdb	user	01JYHBHDRXTDBQVDR1QV81KGQZ	2025-06-24 16:15:03.965941+00		\N
01JYHBHDMXPZPN1FXPK1WDG6M0	dashboard	renter	admin	user:e4d137a8-ca21-4bd5-80dc-69cee3432bdb	user	01JYHBHDS8ZS7ZVFPDT1ZNCA0T	2025-06-24 16:15:03.976218+00		\N
01JYHBHDMXPZPN1FXPK1WDG6M0	dashboard	renter	renter	user:15d36145-5cea-49e5-9f9f-fe71bfe502fb	user	01JYHBHDSMEMZS1PW1PPA1ZBYB	2025-06-24 16:15:03.988432+00		\N
01JYHBHDMXPZPN1FXPK1WDG6M0	dashboard	owner	owner	user:ecacf8de-e81a-4ca7-83d6-d7fc200bf9a4	user	01JYHBHDT0FG1ERV4PCZHN824W	2025-06-24 16:15:04.00065+00		\N
01JYHBHDMXPZPN1FXPK1WDG6M0	subscription	gold	assigned	user:ecacf8de-e81a-4ca7-83d6-d7fc200bf9a4	user	01JYNRFHDP6MT3WKRM1FQ4A5Z4	2025-06-26 09:18:11.38215+00		\N
01JYHBHDMXPZPN1FXPK1WDG6M0	subscription	gold	includes	feature:analytics	user	01JYNRFHE3KDGZEWT9GKPCTAKZ	2025-06-26 09:18:11.395614+00		\N
01JYHBHDMXPZPN1FXPK1WDG6M0	subscription	gold	includes	feature:billing	user	01JYNRFHEFAW195344YTN340H5	2025-06-26 09:18:11.408026+00		\N
01JYHBHDMXPZPN1FXPK1WDG6M0	subscription	gold	includes	feature:support	user	01JYNRFHEV73VGTBSD87D3PY4F	2025-06-26 09:18:11.419452+00		\N
01JYHBHDMXPZPN1FXPK1WDG6M0	subscription	silver	includes	feature:analytics	user	01JYNRFHF7DHV3FZQHVW38V86E	2025-06-26 09:18:11.431677+00		\N
01JYHBHDMXPZPN1FXPK1WDG6M0	subscription	silver	includes	feature:billing	user	01JYNRFHFJ3DBQ5X19QMY92B53	2025-06-26 09:18:11.442837+00		\N
01JYHBHDMXPZPN1FXPK1WDG6M0	subscription	bronze	includes	feature:billing	user	01JYNRFHFZ8EQBMHB0MZS11HFV	2025-06-26 09:18:11.455128+00		\N
01JYHBHDMXPZPN1FXPK1WDG6M0	feature	analytics	access	user:ecacf8de-e81a-4ca7-83d6-d7fc200bf9a4	user	01JYNRFHGD8653SNCCRE4FVNDW	2025-06-26 09:18:11.469661+00		\N
01JYHBHDMXPZPN1FXPK1WDG6M0	feature	billing	access	user:ecacf8de-e81a-4ca7-83d6-d7fc200bf9a4	user	01JYNRFHGR2RXAHMXT1WTH9D1K	2025-06-26 09:18:11.480669+00		\N
01JYHBHDMXPZPN1FXPK1WDG6M0	feature	support	access	user:ecacf8de-e81a-4ca7-83d6-d7fc200bf9a4	user	01JYNRFHH3MDZK9HVQF8KQRD3F	2025-06-26 09:18:11.491148+00		\N
01JYNSXNH1ZCN1AGF7TZRAM8A7	dashboard	admin	admin	user:e4d137a8-ca21-4bd5-80dc-69cee3432bdb	user	01JYNSXNM3Y2DZ2QYJ1NSPMZ6C	2025-06-26 09:43:23.012093+00		\N
01JYNSXNH1ZCN1AGF7TZRAM8A7	dashboard	owner	admin	user:e4d137a8-ca21-4bd5-80dc-69cee3432bdb	user	01JYNSXNMMFEFJJ9A6V87C0SSY	2025-06-26 09:43:23.028406+00		\N
01JYNSXNH1ZCN1AGF7TZRAM8A7	dashboard	renter	admin	user:e4d137a8-ca21-4bd5-80dc-69cee3432bdb	user	01JYNSXNMZY7499XYZH79R0P9E	2025-06-26 09:43:23.039851+00		\N
01JYNSXNH1ZCN1AGF7TZRAM8A7	dashboard	owner	owner	user:ecacf8de-e81a-4ca7-83d6-d7fc200bf9a4	user	01JYNSXNNCDHZBHB1B89JMSDXC	2025-06-26 09:43:23.052769+00		\N
01JYNSXNH1ZCN1AGF7TZRAM8A7	dashboard	renter	renter	user:15d36145-5cea-49e5-9f9f-fe71bfe502fb	user	01JYNSXNNRZ9HJ8AQPGCDN7BBD	2025-06-26 09:43:23.064282+00		\N
01JYNSXNH1ZCN1AGF7TZRAM8A7	subscription	gold	assigned	user:ecacf8de-e81a-4ca7-83d6-d7fc200bf9a4	user	01JYNSXNP49G8EMB8SCK4KMRQV	2025-06-26 09:43:23.076477+00		\N
01JYNSXNH1ZCN1AGF7TZRAM8A7	subscription	gold	includes	feature:analytics	user	01JYNSXNPGM06CSHHKCDB9KYDN	2025-06-26 09:43:23.0886+00		\N
01JYNSXNH1ZCN1AGF7TZRAM8A7	subscription	gold	includes	feature:billing	user	01JYNSXNPZ894P84YJ1RSCEWZE	2025-06-26 09:43:23.103546+00		\N
01JYNSXNH1ZCN1AGF7TZRAM8A7	subscription	gold	includes	feature:support	user	01JYNSXNQAZFT57NWFG3W6SZJZ	2025-06-26 09:43:23.114864+00		\N
01JYNSXNH1ZCN1AGF7TZRAM8A7	subscription	silver	includes	feature:analytics	user	01JYNSXNQPZ57GE2R6M4Q8JVN4	2025-06-26 09:43:23.12719+00		\N
01JYNSXNH1ZCN1AGF7TZRAM8A7	subscription	silver	includes	feature:billing	user	01JYNSXNR288CQFA0FVXKQJMXF	2025-06-26 09:43:23.139079+00		\N
01JYNSXNH1ZCN1AGF7TZRAM8A7	subscription	bronze	includes	feature:billing	user	01JYNSXNREJHGXQZDEYA5B8575	2025-06-26 09:43:23.150552+00		\N
01JYNSXNH1ZCN1AGF7TZRAM8A7	feature	analytics	access	user:ecacf8de-e81a-4ca7-83d6-d7fc200bf9a4	user	01JYNSXNRTB8KGJ98PT1D65ZAK	2025-06-26 09:43:23.162576+00		\N
01JYNSXNH1ZCN1AGF7TZRAM8A7	feature	billing	access	user:ecacf8de-e81a-4ca7-83d6-d7fc200bf9a4	user	01JYNSXNS6YBW095YHHM66YFY4	2025-06-26 09:43:23.174733+00		\N
01JYNSXNH1ZCN1AGF7TZRAM8A7	feature	support	access	user:ecacf8de-e81a-4ca7-83d6-d7fc200bf9a4	user	01JYNSXNSJ8FFTY9CPM8FCEEBA	2025-06-26 09:43:23.186896+00		\N
01JYNSZ7DVTD7ZN757P0XA9RNH	dashboard	admin	admin	user:e4d137a8-ca21-4bd5-80dc-69cee3432bdb	user	01JYNSZ7ERQTBT638K5TYV4Z65	2025-06-26 09:44:14.040989+00		\N
01JYNSZ7DVTD7ZN757P0XA9RNH	dashboard	owner	admin	user:e4d137a8-ca21-4bd5-80dc-69cee3432bdb	user	01JYNSZ7F6PNVV7SYJ9M3G51AJ	2025-06-26 09:44:14.054753+00		\N
01JYNSZ7DVTD7ZN757P0XA9RNH	dashboard	renter	admin	user:e4d137a8-ca21-4bd5-80dc-69cee3432bdb	user	01JYNSZ7FM287T5S81BSKRNCSK	2025-06-26 09:44:14.06898+00		\N
01JYNSZ7DVTD7ZN757P0XA9RNH	dashboard	owner	owner	user:ecacf8de-e81a-4ca7-83d6-d7fc200bf9a4	user	01JYNSZ7G1D3J5G5733CS61Q3J	2025-06-26 09:44:14.081992+00		\N
01JYNSZ7DVTD7ZN757P0XA9RNH	dashboard	renter	renter	user:15d36145-5cea-49e5-9f9f-fe71bfe502fb	user	01JYNSZ7GC4FGRSBWM6R6FHN7G	2025-06-26 09:44:14.093029+00		\N
01JYNSZ7DVTD7ZN757P0XA9RNH	subscription	gold	assigned	user:ecacf8de-e81a-4ca7-83d6-d7fc200bf9a4	user	01JYNSZ7GRBXT8WY5N7SJFVB4H	2025-06-26 09:44:14.104363+00		\N
01JYNSZ7DVTD7ZN757P0XA9RNH	subscription	gold	includes	feature:analytics	user	01JYNSZ7H4N3F2EV2X9GAPZAGH	2025-06-26 09:44:14.116467+00		\N
01JYNSZ7DVTD7ZN757P0XA9RNH	subscription	gold	includes	feature:billing	user	01JYNSZ7HG684XNTXQHJ635CYD	2025-06-26 09:44:14.128567+00		\N
01JYNSZ7DVTD7ZN757P0XA9RNH	subscription	gold	includes	feature:support	user	01JYNSZ7HX9WVCCCPT77YD24GG	2025-06-26 09:44:14.141528+00		\N
01JYNSZ7DVTD7ZN757P0XA9RNH	subscription	silver	includes	feature:analytics	user	01JYNSZ7J8A3RM2E0K91RPCRX4	2025-06-26 09:44:14.152414+00		\N
01JYNSZ7DVTD7ZN757P0XA9RNH	subscription	silver	includes	feature:billing	user	01JYNSZ7JM9DYGRPS59T7JQBKH	2025-06-26 09:44:14.164302+00		\N
01JYNSZ7DVTD7ZN757P0XA9RNH	subscription	bronze	includes	feature:billing	user	01JYNSZ7K02V5NZCEY4MWC1N70	2025-06-26 09:44:14.176736+00		\N
01JYNSZ7DVTD7ZN757P0XA9RNH	feature	analytics	access	user:ecacf8de-e81a-4ca7-83d6-d7fc200bf9a4	user	01JYNSZ7KCFM52JXPB7NY6G13K	2025-06-26 09:44:14.188876+00		\N
01JYNSZ7DVTD7ZN757P0XA9RNH	feature	billing	access	user:ecacf8de-e81a-4ca7-83d6-d7fc200bf9a4	user	01JYNSZ7KX5QY4BHX8JZ7PDG86	2025-06-26 09:44:14.205462+00		\N
01JYNSZ7DVTD7ZN757P0XA9RNH	feature	support	access	user:ecacf8de-e81a-4ca7-83d6-d7fc200bf9a4	user	01JYNSZ7M80BKZ3X68R5C9VHX3	2025-06-26 09:44:14.216774+00		\N
01JYNVJC41C7PNK49AVGP4RSDE	dashboard	admin	admin	user:e4d137a8-ca21-4bd5-80dc-69cee3432bdb	user	01JYNVJC4T28N0MM1MF66NA9QV	2025-06-26 10:12:10.010371+00		\N
01JYNVJC41C7PNK49AVGP4RSDE	dashboard	owner	owner	user:ecacf8de-e81a-4ca7-83d6-d7fc200bf9a4	user	01JYNVJC5CKVSH9HHZ31TS5AZ7	2025-06-26 10:12:10.02903+00		\N
01JYNVMQJHPBKZGADJF2KN6FBE	dashboard	admin	admin	user:e4d137a8-ca21-4bd5-80dc-69cee3432bdb	user	01JYNVMQKBQ426Q3ET7A8CYG5Q	2025-06-26 10:13:27.27579+00		\N
01JYNVMQJHPBKZGADJF2KN6FBE	dashboard	owner	owner	user:ecacf8de-e81a-4ca7-83d6-d7fc200bf9a4	user	01JYNVMQKXTA83PX95R7RNJ6B1	2025-06-26 10:13:27.293455+00		\N
01JYNVNY020NMZAPPH6F20VF64	dashboard	admin	admin	user:e4d137a8-ca21-4bd5-80dc-69cee3432bdb	user	01JYNVNY0SFSJ30R1D73K8VMPY	2025-06-26 10:14:06.617212+00		\N
01JYNVNY020NMZAPPH6F20VF64	dashboard	owner	admin	user:e4d137a8-ca21-4bd5-80dc-69cee3432bdb	user	01JYNVNY14HMDYQR5TH6EA7ZNX	2025-06-26 10:14:06.62886+00		\N
01JYNVNY020NMZAPPH6F20VF64	dashboard	renter	admin	user:e4d137a8-ca21-4bd5-80dc-69cee3432bdb	user	01JYNVNY1HMMWTFCEKKVCEYEZK	2025-06-26 10:14:06.641679+00		\N
01JYNVNY020NMZAPPH6F20VF64	dashboard	owner	owner	user:ecacf8de-e81a-4ca7-83d6-d7fc200bf9a4	user	01JYNVNY1WVJ9DGWQXQZ5F6AHX	2025-06-26 10:14:06.652445+00		\N
01JYNVNY020NMZAPPH6F20VF64	dashboard	renter	renter	user:15d36145-5cea-49e5-9f9f-fe71bfe502fb	user	01JYNVNY28PH3BRW0ZR4SS06BD	2025-06-26 10:14:06.664715+00		\N
01JYNVNY020NMZAPPH6F20VF64	subscription	gold	assigned	user:ecacf8de-e81a-4ca7-83d6-d7fc200bf9a4	user	01JYNVNY2KVKXN9RBPF84SEQRH	2025-06-26 10:14:06.67579+00		\N
01JYNVNY020NMZAPPH6F20VF64	subscription	gold	includes	feature:analytics	user	01JYNVNY30GY28Z2CSYW1XJK5C	2025-06-26 10:14:06.688308+00		\N
01JYNVNY020NMZAPPH6F20VF64	subscription	gold	includes	feature:billing	user	01JYNVNY3D080PSEWB5AJTBJ7M	2025-06-26 10:14:06.701954+00		\N
01JYNVNY020NMZAPPH6F20VF64	subscription	gold	includes	feature:support	user	01JYNVNY3S7KK67QTVJ9TRH475	2025-06-26 10:14:06.713569+00		\N
01JYHBHDMXPZPN1FXPK1WDG6M0	dashboard	owner	owner	user:b1c7bfb6-8279-42c6-8cd5-2ac227717fb1	user	01JYPNXD6A7KTVQ5YVAKQJ01KA	2025-06-26 17:52:34.506679+00		\N
\.


--
-- Name: goose_db_version_id_seq; Type: SEQUENCE SET; Schema: public; Owner: delvauxo
--

SELECT pg_catalog.setval('public.goose_db_version_id_seq', 6, true);


--
-- Name: assertion assertion_pkey; Type: CONSTRAINT; Schema: public; Owner: delvauxo
--

ALTER TABLE ONLY public.assertion
    ADD CONSTRAINT assertion_pkey PRIMARY KEY (store, authorization_model_id);


--
-- Name: authorization_model authorization_model_pkey; Type: CONSTRAINT; Schema: public; Owner: delvauxo
--

ALTER TABLE ONLY public.authorization_model
    ADD CONSTRAINT authorization_model_pkey PRIMARY KEY (store, authorization_model_id, type);


--
-- Name: changelog changelog_pkey; Type: CONSTRAINT; Schema: public; Owner: delvauxo
--

ALTER TABLE ONLY public.changelog
    ADD CONSTRAINT changelog_pkey PRIMARY KEY (store, ulid, object_type);


--
-- Name: goose_db_version goose_db_version_pkey; Type: CONSTRAINT; Schema: public; Owner: delvauxo
--

ALTER TABLE ONLY public.goose_db_version
    ADD CONSTRAINT goose_db_version_pkey PRIMARY KEY (id);


--
-- Name: store store_pkey; Type: CONSTRAINT; Schema: public; Owner: delvauxo
--

ALTER TABLE ONLY public.store
    ADD CONSTRAINT store_pkey PRIMARY KEY (id);


--
-- Name: tuple tuple_pkey; Type: CONSTRAINT; Schema: public; Owner: delvauxo
--

ALTER TABLE ONLY public.tuple
    ADD CONSTRAINT tuple_pkey PRIMARY KEY (store, object_type, object_id, relation, _user);


--
-- Name: idx_reverse_lookup_user; Type: INDEX; Schema: public; Owner: delvauxo
--

CREATE INDEX idx_reverse_lookup_user ON public.tuple USING btree (store, object_type, relation, _user);


--
-- Name: idx_tuple_partial_user; Type: INDEX; Schema: public; Owner: delvauxo
--

CREATE INDEX idx_tuple_partial_user ON public.tuple USING btree (store, object_type, object_id, relation, _user) WHERE (user_type = 'user'::text);


--
-- Name: idx_tuple_partial_userset; Type: INDEX; Schema: public; Owner: delvauxo
--

CREATE INDEX idx_tuple_partial_userset ON public.tuple USING btree (store, object_type, object_id, relation, _user) WHERE (user_type = 'userset'::text);


--
-- Name: idx_tuple_ulid; Type: INDEX; Schema: public; Owner: delvauxo
--

CREATE UNIQUE INDEX idx_tuple_ulid ON public.tuple USING btree (ulid);


--
-- PostgreSQL database dump complete
--

